GOODS_NAME,GOODS_PRICE,GOODS_URL,SHOP_NAME,SHOP_URL,file_urls
夏季男士商务休闲裤修身韩版英伦小脚裤子男长裤西裤男黑色男裤潮,59.00,http://detail.tmall.com/item.htm?id=538387539633&skuId=4611686556814927537&user_id=1752534933&cat_id=2&is_b=1&rn=6fb7c383532c0153883a76e75b57a4bb,xsula服饰旗舰店,//x-sula.tmall.com,http://img.alicdn.com/bao/uploaded/i4/TB1de5OQVXXXXciXXXXXXXXXXXX_!!0-item_pic.jpg_b.jpg
七分裤男士运动休闲短裤潮男裤宽松夏天收口中裤薄款夏季7分马裤,49.00,http://detail.tmall.com/item.htm?id=528137055158&skuId=3203358538972&user_id=2217081772&cat_id=2&is_b=1&rn=6fb7c383532c0153883a76e75b57a4bb,盈豹麦轩专卖店,//yingbaomx.tmall.com,http://img.alicdn.com/bao/uploaded/i1/TB1pImrPFXXXXX2apXXXXXXXXXX_!!0-item_pic.jpg_b.jpg
男士西裤夏季修身薄款商务休闲宽松中青年职业黑色西服正装长裤子,59.00,http://detail.tmall.com/item.htm?id=39831127315&skuId=4611686058258515219&user_id=496940317&cat_id=2&is_b=1&rn=6fb7c383532c0153883a76e75b57a4bb,princesong旗舰店,//princesong.tmall.com,http://img.alicdn.com/bao/uploaded/i4/TB1fbDBKVXXXXcaXpXXXXXXXXXX_!!0-item_pic.jpg_b.jpg
夏季裤子九分牛仔裤薄款男青少年修身小脚裤破洞休闲韩版潮流显瘦,69.00,http://detail.tmall.com/item.htm?id=548421263510&skuId=3327516893986&user_id=2124262855&cat_id=2&is_b=1&rn=6fb7c383532c0153883a76e75b57a4bb,丹迪宾奴旗舰店,//dandibinnu.tmall.com,http://img.alicdn.com/bao/uploaded/i3/TB1B5Q4QpXXXXceXVXXXXXXXXXX_!!1-item_pic.gif_b.jpg
夏季薄款男士牛仔裤男青年修身小脚裤韩版潮流2017休闲学生男裤子,69.00,http://detail.tmall.com/item.htm?id=537208279261&skuId=4611686555635667165&user_id=1667831881&cat_id=2&is_b=1&rn=6fb7c383532c0153883a76e75b57a4bb,snk旗舰店,//snkfs.tmall.com,http://img.alicdn.com/bao/uploaded/i4/TB12cUjQFXXXXamXXXXXXXXXXXX_!!0-item_pic.jpg_b.jpg
春夏新款男士弹力九分牛仔裤男青少年学生韩版修身小脚9分裤男潮,59.90,http://detail.tmall.com/item.htm?id=545455519101&skuId=4611686563882907005&user_id=3158881938&cat_id=2&is_b=1&rn=6fb7c383532c0153883a76e75b57a4bb,凯泰旗舰店,//kaitaifs.tmall.com,http://img.alicdn.com/bao/uploaded/i4/TB1_qTdPVXXXXcrXXXXXXXXXXXX_!!0-item_pic.jpg_b.jpg
夏季薄款九分牛仔裤男士2017韩版修身潮流春季新款小脚9分男裤子,69.80,http://detail.tmall.com/item.htm?id=545926213557&skuId=3460934759370&user_id=2098909451&cat_id=2&is_b=1&rn=6fb7c383532c0153883a76e75b57a4bb,鑫泰豹旗舰店,//xintaibao.tmall.com,http://img.alicdn.com/bao/uploaded/i2/TB1vH0xPVXXXXX5XpXXXXXXXXXX_!!0-item_pic.jpg_b.jpg
运动裤长裤棉直筒男士休闲裤宽松韩版收口束脚卫裤夏季薄款裤子潮,69.00,http://detail.tmall.com/item.htm?id=40352899390&skuId=4611686058780287294&user_id=1768455147&cat_id=2&is_b=1&rn=903a69550d96e1634657a698e56a0e8d,ytk服饰旗舰店,//ytkfs.tmall.com,http://img.alicdn.com/bao/uploaded/i1/TB1_cJ8LXXXXXalXXXXXXXXXXXX_!!0-item_pic.jpg_b.jpg
男士休闲裤男裤子夏季九分裤男裤子男修身运动裤男哈伦裤男小脚裤,85.00,http://detail.tmall.com/item.htm?id=522663706661&skuId=3151593624681&user_id=1757689593&cat_id=2&is_b=1&rn=6fb7c383532c0153883a76e75b57a4bb,dzh旗舰店,//dzhfushi.tmall.com,http://img.alicdn.com/bao/uploaded/i2/TB1T0sFHpXXXXb4XFXXXXXXXXXX_!!0-item_pic.jpg_b.jpg
夏季男装长裤NIAN JEEP商务休闲裤男士西裤直筒宽松纯棉男裤子潮,76.00,http://detail.tmall.com/item.htm?id=35158433106&skuId=4611686053585821010&user_id=1806772771&cat_id=2&is_b=1&rn=6fb7c383532c0153883a76e75b57a4bb,极简男装专营店,//jjnz.tmall.com,http://img.alicdn.com/bao/uploaded/i3/TB1YHl_KVXXXXXBXpXXYXGcGpXX_M2.SS2_b.jpg
夏季新款休闲裤男韩版修身九分裤男生黑色男裤长裤薄款男士裤子男,49.00,http://detail.tmall.com/item.htm?id=546179558414&skuId=4611686564606946318&user_id=1918827445&cat_id=2&is_b=1&rn=6fb7c383532c0153883a76e75b57a4bb,汀布莱克旗舰店,//tinbelake.tmall.com,http://img.alicdn.com/bao/uploaded/i4/TB1lpfYQFXXXXaPXFXXXXXXXXXX_!!0-item_pic.jpg_b.jpg
男裤子春季新款2017修身小脚运动裤韩版夏季男士休闲裤哈伦裤潮流,58.00,http://detail.tmall.com/item.htm?id=539499048642&skuId=4611686557926436546&user_id=2226769255&cat_id=2&is_b=1&rn=6fb7c383532c0153883a76e75b57a4bb,范库仕旗舰店,//fankushi.tmall.com,http://img.alicdn.com/bao/uploaded/i2/TB1AG_QQFXXXXcVXFXXXXXXXXXX_!!0-item_pic.jpg_b.jpg
外套男士春季2017新款夹克男装春秋修身棒球服韩版潮春装青年衣服,59.90,http://detail.tmall.com/item.htm?id=536821241554&skuId=3242382936049&user_id=854895338&cat_id=2&is_b=1&rn=6fb7c383532c0153883a76e75b57a4bb,杰森迪亚旗舰店,//jiesendiya.tmall.com,http://img.alicdn.com/bao/uploaded/i2/TB1VX36PpXXXXbPXVXXXXXXXXXX_!!0-item_pic.jpg_b.jpg
2017夏季新款九分休闲裤男韩版修身小脚裤哈伦裤男生潮流长裤子薄,79.00,http://detail.tmall.com/item.htm?id=544078318848&skuId=4611686562505706752&user_id=2935754264&cat_id=2&is_b=1&rn=6fb7c383532c0153883a76e75b57a4bb,追越旗舰店,//zhuiyue.tmall.com,http://img.alicdn.com/bao/uploaded/i2/TB1gZFFPpXXXXc7apXXYXGcGpXX_M2.SS2_b.jpg
喜姿龙2017男装夏季男士短袖衬衫韩版修身寸衫潮休闲印花短袖衬衣,198.00,http://detail.tmall.com/item.htm?id=529535587910&skuId=4611686547962975814&user_id=2139526311&cat_id=2&is_b=1&rn=6fb7c383532c0153883a76e75b57a4bb,捶饰专营店,//haozhefs.tmall.com,http://img.alicdn.com/bao/uploaded/i2/TB1fx9rRXXXXXcXXFXXXXXXXXXX_!!0-item_pic.jpg_b.jpg
裤子男士休闲裤男夏季男裤运动裤男薄款哈伦裤9分九分裤男小脚裤,69.00,http://detail.tmall.com/item.htm?id=546142768744&skuId=3463852634691&user_id=3000940079&cat_id=2&is_b=1&rn=903a69550d96e1634657a698e56a0e8d,基盾旗舰店,//jidun.tmall.com,http://img.alicdn.com/bao/uploaded/i4/TB1gr_pQpXXXXX2aXXXXXXXXXXX_!!0-item_pic.jpg_b.jpg
哈伦裤男士休闲裤裤子男韩版潮流束脚裤九分裤男裤宽松小脚运动裤,79.00,http://detail.tmall.com/item.htm?id=524856063761&skuId=4611686543283451665&user_id=2077960768&cat_id=2&is_b=1&rn=903a69550d96e1634657a698e56a0e8d,森越旗舰店,//senyuefs.tmall.com,http://img.alicdn.com/bao/uploaded/i2/TB1se.fNFXXXXbpaFXXXXXXXXXX_!!0-item_pic.jpg_b.jpg
2017夏季薄款男士修身九分裤潮流韩版学生百搭小脚9分休闲裤子男,59.00,http://detail.tmall.com/item.htm?id=546540820738&skuId=4611686564968208642&user_id=3175423297&cat_id=2&is_b=1&rn=903a69550d96e1634657a698e56a0e8d,迹雅旗舰店,//jiyanz.tmall.com,http://img.alicdn.com/bao/uploaded/i3/TB1lo_QQFXXXXX9XFXXXXXXXXXX_!!0-item_pic.jpg_b.jpg
男裤子夏季男士修身哈伦裤小脚休闲裤宽松束脚裤卫裤韩版运动裤潮,78.00,http://detail.tmall.com/item.htm?id=548724910292&skuId=3331254052346&user_id=2127743216&cat_id=2&is_b=1&rn=903a69550d96e1634657a698e56a0e8d,法易斯旗舰店,//vayis.tmall.com,http://img.alicdn.com/bao/uploaded/i4/TB1XrvBQVXXXXcsXFXXXXXXXXXX_!!0-item_pic.jpg_b.jpg
夏季男士短袖衬衫韩版修身青少年衬衣男薄款学生帅气休闲潮流寸衫,69.00,http://detail.tmall.com/item.htm?id=528704486813&skuId=4611686547131874717&user_id=1819994465&cat_id=2&is_b=1&rn=903a69550d96e1634657a698e56a0e8d,佐菲利男装旗舰店,//zuofeili.tmall.com,http://img.alicdn.com/bao/uploaded/i1/TB1UKHdPpXXXXadXVXXXXXXXXXX_!!0-item_pic.jpg_b.jpg
夏装韩版潮流黑色青年薄款破洞九分牛仔裤男士修身休闲小脚男裤子,78.00,http://detail.tmall.com/item.htm?id=546286254434&skuId=3300967981287&user_id=2177081140&cat_id=2&is_b=1&rn=903a69550d96e1634657a698e56a0e8d,我牛旗舰店,//woniunz.tmall.com,http://img.alicdn.com/bao/uploaded/i1/TB1KhPcPVXXXXbKXVXXXXXXXXXX_!!0-item_pic.jpg_b.jpg
夏季薄款青年休闲长裤黑色修身小脚松紧卫裤子男生弹力宽松运动裤,69.90,http://detail.tmall.com/item.htm?id=547715933921&skuId=3330068852364&user_id=3066418581&cat_id=2&is_b=1&rn=6fb7c383532c0153883a76e75b57a4bb,郎亨旗舰店,//langheng.tmall.com,http://img.alicdn.com/bao/uploaded/i1/TB1utunQpXXXXXOXVXXXXXXXXXX_!!0-item_pic.jpg_b.jpg
夏季运动裤薄款迷彩休闲宽松九分夏天男士哈伦长裤子修身小脚卫裤,69.00,http://detail.tmall.com/item.htm?id=544825797213&skuId=3457806382355&user_id=2434883349&cat_id=2&is_b=1&rn=903a69550d96e1634657a698e56a0e8d,邦尼路易旗舰店,//bangniluyi.tmall.com,http://img.alicdn.com/bao/uploaded/i4/TB1IYYfOpXXXXcaXVXXXXXXXXXX_!!0-item_pic.jpg_b.jpg
夏季薄款7分牛仔短裤男士夏天七分裤五分修身弹力潮流宽松中马裤,69.90,http://detail.tmall.com/item.htm?id=548185716499&skuId=4611686566613104403&user_id=2191949089&cat_id=2&is_b=1&rn=903a69550d96e1634657a698e56a0e8d,帕威龙旗舰店,//paweilong.tmall.com,http://img.alicdn.com/bao/uploaded/i6/TB1oe7xQpXXXXbnXVXXYXGcGpXX_M2.SS2_b.jpg
夏季薄款破洞哈伦裤男牛仔裤宽松加肥加大码小脚九分裤男士裤子潮,89.00,http://detail.tmall.com/item.htm?id=549145276734&skuId=3337476557240&user_id=3100125542&cat_id=2&is_b=1&rn=903a69550d96e1634657a698e56a0e8d,绅得希旗舰店,//gentledexi.tmall.com,http://img.alicdn.com/bao/uploaded/i1/TB1fGI0QFXXXXb5XXXXXXXXXXXX_!!0-item_pic.jpg_b.jpg
战地吉普夏季薄款运动裤男裤子大码松紧卫裤针织宽松直筒休闲长裤,128.00,http://detail.tmall.com/item.htm?id=524649670994&skuId=3485318875760&user_id=1688345693&cat_id=2&is_b=1&rn=903a69550d96e1634657a698e56a0e8d,乐豪客服饰专营店,//lhkfs.tmall.com,http://img.alicdn.com/bao/uploaded/i4/TB1gbhFRXXXXXcLXVXXXXXXXXXX_!!0-item_pic.jpg_b.jpg
夏季薄款男士弹力商务休闲裤修身韩版英伦小脚裤男长裤西裤男裤潮,59.00,http://detail.tmall.com/item.htm?id=548341639504&skuId=3491472834089&user_id=3236932684&cat_id=2&is_b=1&rn=903a69550d96e1634657a698e56a0e8d,雅璐绅旗舰店,//yalusen.tmall.com,http://img.alicdn.com/bao/uploaded/i6/TB1yZyiQVXXXXcXaXXXYXGcGpXX_M2.SS2_b.jpg
夏季新款男士棉麻5分五分裤男夏天运动沙滩中裤潮休闲亚麻短裤男,49.00,http://detail.tmall.com/item.htm?id=534325665163&skuId=3188051982553&user_id=902067060&cat_id=2&is_b=1&rn=903a69550d96e1634657a698e56a0e8d,fumeijia旗舰店,//fumeijia.tmall.com,http://img.alicdn.com/bao/uploaded/i4/TB18hpJKFXXXXcyXVXXXXXXXXXX_!!0-item_pic.jpg_b.jpg
夏季男士牛仔裤小脚显瘦韩版修身款青少年九分裤学生男破洞乞丐裤,49.00,http://detail.tmall.com/item.htm?id=545526834341&skuId=4611686563954222245&user_id=1970877894&cat_id=2&is_b=1&rn=903a69550d96e1634657a698e56a0e8d,johnsonyueda旗舰店,//hanxunyueda.tmall.com,http://img.alicdn.com/bao/uploaded/i3/TB1cAPeQVXXXXXraXXXXXXXXXXX_!!0-item_pic.jpg_b.jpg
男士外套春季2017新款韩版休闲棒球服飞行员夹克男防晒衣服男双面,88.00,http://detail.tmall.com/item.htm?id=547014962654&skuId=3309583572935&user_id=3000510543&cat_id=2&is_b=1&rn=903a69550d96e1634657a698e56a0e8d,耐柒旗舰店,//naiqi.tmall.com,http://img.alicdn.com/bao/uploaded/i1/TB19RHmQVXXXXcBaXXXXXXXXXXX_!!0-item_pic.jpg_b.jpg
韩版夏季薄款七分休闲裤男弹力修身中裤男青少年学生潮流百搭短裤,78.00,http://detail.tmall.com/item.htm?id=548193847939&skuId=4611686566621235843&user_id=876421039&cat_id=2&is_b=1&rn=903a69550d96e1634657a698e56a0e8d,元宿街头服饰旗舰店,//yuansujietou.tmall.com,http://img.alicdn.com/bao/uploaded/i3/TB15AICQpXXXXaWXXXXYXGcGpXX_M2.SS2_b.jpg
远东夏季白衬衫男士衬衫商务衬衫男短袖衬衣男宽松正装大码寸薄款,199.00,http://detail.tmall.com/item.htm?id=38033307145&skuId=4611686056460695049&user_id=1026192677&cat_id=2&is_b=1&rn=903a69550d96e1634657a698e56a0e8d,远东韩快专卖店,//fareasthk.tmall.com,http://img.alicdn.com/bao/uploaded/i2/TB1bCW_RXXXXXbZaXXXXXXXXXXX_!!0-item_pic.jpg_b.jpg
男士哈伦裤 束脚裤收脚小脚宽松休闲运动裤卫裤长裤子春夏潮薄款,69.90,http://detail.tmall.com/item.htm?id=535401473524&skuId=3282462653957&user_id=2926307325&cat_id=2&is_b=1&rn=903a69550d96e1634657a698e56a0e8d,淘犀牛男装旗舰店,//taoxiniunz.tmall.com,http://img.alicdn.com/bao/uploaded/i4/TB1Q3PrQXXXXXX3XFXXXXXXXXXX_!!0-item_pic.jpg_b.jpg
九分裤休闲裤男士夏季修身小脚男裤子哈伦裤束脚潮流2017运动薄款,69.00,http://detail.tmall.com/item.htm?id=546998985907&skuId=3473910978725&user_id=2097712408&cat_id=2&is_b=1&rn=903a69550d96e1634657a698e56a0e8d,jjz旗舰店,//jjznz.tmall.com,http://img.alicdn.com/bao/uploaded/i3/TB1LVThQXXXXXagXpXXXXXXXXXX_!!0-item_pic.jpg_b.jpg
2017春夏季新款男士运动裤修身休闲长裤子潮青少年小脚哈伦裤收口,65.00,http://detail.tmall.com/item.htm?id=537045853994&skuId=3206367585756&user_id=2260460542&cat_id=2&is_b=1&rn=903a69550d96e1634657a698e56a0e8d,w63旗舰店,//w63fs.tmall.com,http://img.alicdn.com/bao/uploaded/i2/TB1VtOrPFXXXXb9XVXXXXXXXXXX_!!0-item_pic.jpg_b.jpg
白男士衬衫修身商务职业正装中年韩版长袖衬衣男薄寸衫伴郎夏季,59.90,http://detail.tmall.com/item.htm?id=41993558615&skuId=4611686060420946519&user_id=908053892&cat_id=2&is_b=1&rn=903a69550d96e1634657a698e56a0e8d,奥森纳服饰专营店,//asnfs.tmall.com,http://img.alicdn.com/bao/uploaded/i1/TB1nuCwIFXXXXbJXXXXXXXXXXXX_!!0-item_pic.jpg_b.jpg
夏天工装裤子薄款宽松短裤男式多口袋中裤户外休闲运动型七分裤男,68.00,http://detail.tmall.com/item.htm?id=44216237607&skuId=80934813151&user_id=1744656251&cat_id=2&is_b=1&rn=903a69550d96e1634657a698e56a0e8d,麦唯服饰专营店,//mwfs.tmall.com,http://img.alicdn.com/bao/uploaded/i1/TB1SFrvJpXXXXaYaXXXXXXXXXXX_!!0-item_pic.jpg_b.jpg
男士运动裤直筒夏季薄款休闲长裤加肥加大码卫裤男跑步宽松胖子,69.50,http://detail.tmall.com/item.htm?id=545703193876&skuId=3458267967677&user_id=3085365595&cat_id=2&is_b=1&rn=903a69550d96e1634657a698e56a0e8d,活在城市旗舰店,//huozaichengshi.tmall.com,http://img.alicdn.com/bao/uploaded/i4/TB1I0pBQXXXXXbHXVXXXXXXXXXX_!!0-item_pic.jpg_b.jpg
男士短裤2017夏季新款休闲沙滩裤夏天纯棉五分裤大码运动中裤男潮,69.00,http://detail.tmall.com/item.htm?id=527963884307&skuId=4611686546391272211&user_id=746386853&cat_id=2&is_b=1&rn=903a69550d96e1634657a698e56a0e8d,亿楠客旗舰店,//yinanke.tmall.com,http://img.alicdn.com/bao/uploaded/i4/TB1br9wLVXXXXXuXFXXXXXXXXXX_!!0-item_pic.jpg_b.jpg
夏季薄款AFS JEEP运动短裤休闲中裤男松紧系带七分裤收口针织卫裤,89.00,http://detail.tmall.com/item.htm?id=44722550200&skuId=87482563334&user_id=2214592689&cat_id=2&is_b=1&rn=903a69550d96e1634657a698e56a0e8d,战地吉普水行处专卖店,//zhandijipusxc.tmall.com,http://img.alicdn.com/bao/uploaded/i2/TB1ki7HLVXXXXX7XXXXXXXXXXXX_!!0-item_pic.jpg_b.jpg
春夏衬衫男士长袖衬衣青少年纯棉复古休闲学生工装打底韩版修身潮,79.00,http://detail.tmall.com/item.htm?id=538998235859&skuId=3220744027237&user_id=2928230926&cat_id=2&is_b=1&rn=903a69550d96e1634657a698e56a0e8d,blackmonday旗舰店,//blackmonday.tmall.com,http://img.alicdn.com/bao/uploaded/i2/TB1BR4VQVXXXXcYXVXXXXXXXXXX_!!0-item_pic.jpg_b.jpg
夏季商务休闲短袖衬衫男士韩版寸衫修身正装帅气衣服青少年白衬衣,79.90,http://detail.tmall.com/item.htm?id=544733972691&skuId=4611686563161360595&user_id=1733415839&cat_id=2&is_b=1&rn=903a69550d96e1634657a698e56a0e8d,宾达旗舰店,//binda.tmall.com,http://img.alicdn.com/bao/uploaded/i1/TB1LQaNLVXXXXbVXVXXXXXXXXXX_!!0-item_pic.jpg_b.jpg
男士牛仔裤男青年直筒正品夏天宽松夏季薄款大码休闲牛子裤长裤子,99.00,http://detail.tmall.com/item.htm?id=546360825005&skuId=3466269935821&user_id=2074372076&cat_id=2&is_b=1&rn=6fb7c383532c0153883a76e75b57a4bb,以人为本服饰专营店,//yrwbfs.tmall.com,http://img.alicdn.com/bao/uploaded/i1/TB1ZW_GPVXXXXcoaXXXXXXXXXXX_!!0-item_pic.jpg_b.jpg
【2条装】短裤男夏天2017韩版潮运动宽松夏季沙滩裤五分休闲裤子,59.00,http://detail.tmall.com/item.htm?id=549389913633&skuId=4611686567817301537&user_id=2380441317&cat_id=2&is_b=1&rn=903a69550d96e1634657a698e56a0e8d,迈特优服饰旗舰店,//maiteyoufs.tmall.com,http://img.alicdn.com/bao/uploaded/i2/TB1bLVgQVXXXXXLaXXXXXXXXXXX_!!0-item_pic.jpg_b.jpg
夏装男士短裤休闲运动七分裤子套装夏天沙滩裤中裤韩版潮流五分裤,69.00,http://detail.tmall.com/item.htm?id=546696313641&skuId=4611686565123701545&user_id=2050275864&cat_id=2&is_b=1&rn=903a69550d96e1634657a698e56a0e8d,努宾旗舰店,//nubin.tmall.com,http://img.alicdn.com/bao/uploaded/i1/TB1sLRuQXXXXXbtXVXXXXXXXXXX_!!0-item_pic.jpg_b.jpg
九分裤男休闲裤学生小脚哈伦裤2017夏季束脚裤修身裤子男韩版潮流,69.00,http://detail.tmall.com/item.htm?id=547947307410&skuId=3487392147780&user_id=673741338&cat_id=2&is_b=1&rn=6fb7c383532c0153883a76e75b57a4bb,马克白旗舰店,//makebai.tmall.com,http://img.alicdn.com/bao/uploaded/i3/TB1ag5sQFXXXXa7XFXXXXXXXXXX_!!0-item_pic.jpg_b.jpg
短裤男夏天五分裤子运动裤宽松大裤衩七分沙滩休闲中裤潮夏季薄款,49.00,http://detail.tmall.com/item.htm?id=39453808923&skuId=3366149740666&user_id=1768455147&cat_id=2&is_b=1&rn=6fb7c383532c0153883a76e75b57a4bb,ytk服饰旗舰店,//ytkfs.tmall.com,http://img.alicdn.com/bao/uploaded/i2/TB1qj0jNVXXXXaOaXXXXXXXXXXX_!!0-item_pic.jpg_b.jpg
【2件装】夏季男士短袖薄款衬衫韩版男装修身青年商务休闲寸衬衣,79.00,http://detail.tmall.com/item.htm?id=528996377912&skuId=4611686547423765816&user_id=2049108827&cat_id=2&is_b=1&rn=903a69550d96e1634657a698e56a0e8d,红林鸟旗舰店,//honglinniao.tmall.com,http://img.alicdn.com/bao/uploaded/i2/TB18VrSQFXXXXbsXFXXXXXXXXXX_!!0-item_pic.jpg_b.jpg
夏季薄款休闲运动裤男小脚哈伦裤男士收口长裤子修身束脚裤卫裤潮,119.00,http://detail.tmall.com/item.htm?id=527247846041&skuId=3137294165912&user_id=1713030868&cat_id=2&is_b=1&rn=6fb7c383532c0153883a76e75b57a4bb,rjkk旗舰店,//rjkk.tmall.com,http://img.alicdn.com/bao/uploaded/i7/TB1iiGBRXXXXXbPXpXXYXGcGpXX_M2.SS2_b.jpg
弹力花花公子牛仔裤男夏季薄款修身直筒男裤商务休闲青年男士裤子,139.00,http://detail.tmall.com/item.htm?id=37256941710&skuId=3362056704304&user_id=1851041537&cat_id=2&is_b=1&rn=6fb7c383532c0153883a76e75b57a4bb,playboy度涵专卖店,//playboyduhan.tmall.com,http://img.alicdn.com/bao/uploaded/i2/TB1Mcb8QVXXXXcIXVXXXXXXXXXX_!!0-item_pic.jpg_b.jpg
九分裤男士休闲裤夏季韩版潮流薄款宽松 9分小脚运动哈伦裤男裤子,79.00,http://detail.tmall.com/item.htm?id=544362875327&skuId=3360083717643&user_id=2235421068&cat_id=2&is_b=1&rn=6fb7c383532c0153883a76e75b57a4bb,nqkk旗舰店,//nqkk.tmall.com,http://img.alicdn.com/bao/uploaded/i4/TB1j8TmPXXXXXc_XVXXXXXXXXXX_!!0-item_pic.jpg_b.jpg
南极甲夏季男士短袖衬衫修身韩版碎花衬衣休闲印花半袖潮男薄衬衫,199.00,http://detail.tmall.com/item.htm?id=545656904256&skuId=4611686564084292160&user_id=1715794551&cat_id=2&is_b=1&rn=6fb7c383532c0153883a76e75b57a4bb,南极甲旗舰店,//nanjijia.tmall.com,http://img.alicdn.com/bao/uploaded/i4/TB1hOnNRXXXXXbnXXXXXXXXXXXX_!!0-item_pic.jpg_b.jpg
男裤夏季新款男士修身休闲裤小脚哈伦裤宽松束脚裤卫裤韩版运动裤,78.00,http://detail.tmall.com/item.htm?id=545212536316&skuId=3462857674643&user_id=2127743216&cat_id=2&is_b=1&rn=6fb7c383532c0153883a76e75b57a4bb,法易斯旗舰店,//vayis.tmall.com,http://img.alicdn.com/bao/uploaded/i4/TB1Juz0QFXXXXa5aXXXXXXXXXXX_!!0-item_pic.jpg_b.jpg
短裤男夏天运动休闲七分7分韩版中马裤子五分5分夏季宽松大裤衩薄,49.00,http://detail.tmall.com/item.htm?id=38564194349&skuId=3183889899392&user_id=395108882&cat_id=2&is_b=1&rn=6fb7c383532c0153883a76e75b57a4bb,zawa旗舰店,//zawa.tmall.com,http://img.alicdn.com/bao/uploaded/i4/TB1C2A8QVXXXXb1XFXXXXXXXXXX_!!0-item_pic.jpg_b.jpg
男士休闲裤男装亚麻韩版潮流夏季新款2017修身棉麻夏裤薄款男裤子,89.90,http://detail.tmall.com/item.htm?id=522838850845&skuId=3274184985169&user_id=2191833993&cat_id=2&is_b=1&rn=903a69550d96e1634657a698e56a0e8d,凯登狮服饰旗舰店,//kaidengshi.tmall.com,http://img.alicdn.com/bao/uploaded/i2/TB1mqUKMpXXXXXiXFXXXXXXXXXX_!!0-item_pic.jpg_b.jpg
男裤夏季2017新款休闲裤男百搭韩版潮运动裤春季薄款男士哈伦裤子,65.00,http://detail.tmall.com/item.htm?id=549532322168&skuId=3341385428259&user_id=360513323&cat_id=2&is_b=1&rn=903a69550d96e1634657a698e56a0e8d,恩一诺旗舰店,//enuostyle.tmall.com,http://img.alicdn.com/bao/uploaded/i3/TB1U..rQVXXXXXyaXXXXXXXXXXX_!!0-item_pic.jpg_b.jpg
美特邦杰2017夏季新款薄款高弹力男士牛仔裤修身直筒休闲宽松裤子,89.00,http://detail.tmall.com/item.htm?id=547932763574&skuId=4611686566360151478&user_id=2923050920&cat_id=2&is_b=1&rn=903a69550d96e1634657a698e56a0e8d,美特邦杰旗舰店,//mtbj.tmall.com,http://img.alicdn.com/bao/uploaded/i4/TB1DCz4QFXXXXcgXVXXXXXXXXXX_!!0-item_pic.jpg_b.jpg
中年男士休闲裤宽松直筒商务男裤中老年西裤夏季薄款免烫长裤子装,98.00,http://detail.tmall.com/item.htm?id=40740606659&skuId=4611686059167994563&user_id=1783640522&cat_id=2&is_b=1&rn=903a69550d96e1634657a698e56a0e8d,派邦斯旗舰店,//paibangsi.tmall.com,http://img.alicdn.com/bao/uploaded/i3/TB1_GF2RXXXXXXtXpXXXXXXXXXX_!!0-item_pic.jpg_b.jpg
战地吉普春夏季薄款牛仔裤男士直筒休闲青年商务宽松大码长裤子潮,89.00,http://detail.tmall.com/item.htm?id=523088383532&skuId=3521785631780&user_id=2453863495&cat_id=2&is_b=1&rn=903a69550d96e1634657a698e56a0e8d,战地吉普火炬专卖店,//zhandijipuhj.tmall.com,http://img.alicdn.com/bao/uploaded/i4/TB1jhwaQFXXXXb1XVXXXXXXXXXX_!!0-item_pic.jpg_b.jpg
男裤夏季亚麻九分裤男韩版潮流哈伦裤棉麻休闲裤修身小脚男士裤子,78.00,http://detail.tmall.com/item.htm?id=544821958456&skuId=3448080171628&user_id=2214999288&cat_id=2&is_b=1&rn=903a69550d96e1634657a698e56a0e8d,bettlives旗舰店,//bettlives.tmall.com,http://img.alicdn.com/bao/uploaded/i4/TB1RWSOPpXXXXa8XVXXXXXXXXXX_!!0-item_pic.jpg_b.jpg
九分裤男士小脚裤修身白色松紧裤子9分休闲哈伦裤收口束脚裤潮流,68.00,http://detail.tmall.com/item.htm?id=547119894176&skuId=3475201154988&user_id=2138564141&cat_id=2&is_b=1&rn=903a69550d96e1634657a698e56a0e8d,兰博之嘉旗舰店,//lanbozhijia.tmall.com,http://img.alicdn.com/bao/uploaded/i2/TB1q3nuQXXXXXafapXXXXXXXXXX_!!0-item_pic.jpg_b.jpg
春夏薄款男士牛仔裤男青年大码长裤子男装潮夏季薄款牛仔,89.00,http://detail.tmall.com/item.htm?id=521808199799&skuId=4611686540235587703&user_id=1725023303&cat_id=2&is_b=1&rn=903a69550d96e1634657a698e56a0e8d,crabclaw旗舰店,//crabclaw.tmall.com,http://img.alicdn.com/bao/uploaded/i1/TB1eSppRXXXXXaMXXXXXXXXXXXX_!!0-item_pic.jpg_b.jpg
夏季男士牛仔裤男青年修身小脚裤韩版潮流2017春季学生薄款男裤子,69.00,http://detail.tmall.com/item.htm?id=538054112484&skuId=4611686556481500388&user_id=1667831881&cat_id=2&is_b=1&rn=903a69550d96e1634657a698e56a0e8d,snk旗舰店,//snkfs.tmall.com,http://img.alicdn.com/bao/uploaded/i4/TB162TcQVXXXXXWXXXXXXXXXXXX_!!0-item_pic.jpg_b.jpg
夏季棉麻九分裤男宽松薄款哈伦裤运动裤男士休闲裤亚麻裤小脚裤潮,49.00,http://detail.tmall.com/item.htm?id=546624076535&skuId=3305667217505&user_id=2908633990&cat_id=2&is_b=1&rn=903a69550d96e1634657a698e56a0e8d,主流印象旗舰店,//zhuliuyinxiang.tmall.com,http://img.alicdn.com/bao/uploaded/i1/TB1VvheQXXXXXcKXFXXXXXXXXXX_!!0-item_pic.jpg_b.jpg
夏天短裤男士七分裤 韩版潮流修身7分运动裤子宽松休闲裤哈伦中裤,69.00,http://detail.tmall.com/item.htm?id=546577062282&skuId=4611686565004450186&user_id=2967873073&cat_id=2&is_b=1&rn=903a69550d96e1634657a698e56a0e8d,马克风暴旗舰店,//makefengbao.tmall.com,http://img.alicdn.com/bao/uploaded/i3/TB1mh2JQFXXXXbOXVXXXXXXXXXX_!!0-item_pic.jpg_b.jpg
【2件装】夏季男士衬衫长袖薄款修身商务休闲白寸衫韩版衬衣男潮,89.00,http://detail.tmall.com/item.htm?id=534935917344&skuId=4611686553363305248&user_id=1986805433&cat_id=2&is_b=1&rn=903a69550d96e1634657a698e56a0e8d,乔治迪尔旗舰店,//qiaozhidier.tmall.com,http://img.alicdn.com/bao/uploaded/i1/TB126g1LXXXXXX0XpXXXXXXXXXX_!!0-item_pic.jpg_b.jpg
夏季男士短袖衬衫韩版修身型商务职业黑色半袖正装寸衫男装白衬衣,59.90,http://detail.tmall.com/item.htm?id=44465103841&skuId=4611686062892491745&user_id=1689187497&cat_id=2&is_b=1&rn=903a69550d96e1634657a698e56a0e8d,奥优库旗舰店,//aoyouku.tmall.com,http://img.alicdn.com/bao/uploaded/i4/TB133xTQFXXXXchXpXXXXXXXXXX_!!0-item_pic.jpg_b.jpg
男士西裤夏季修身型薄款商务休闲宽松西服职业西装裤子黑色正装裤,69.00,http://detail.tmall.com/item.htm?id=41834994535&skuId=4611686060262382439&user_id=908053892&cat_id=2&is_b=1&rn=6fb7c383532c0153883a76e75b57a4bb,奥森纳服饰专营店,//asnfs.tmall.com,http://img.alicdn.com/bao/uploaded/i1/TB12TetPpXXXXXfXpXXXXXXXXXX_!!0-item_pic.jpg_b.jpg
日系男士休闲裤男九分裤哈伦裤束脚裤男青年宽松收口小脚裤子夏季,59.00,http://detail.tmall.com/item.htm?id=546169474996&skuId=3299566949184&user_id=2950366033&cat_id=2&is_b=1&rn=903a69550d96e1634657a698e56a0e8d,浩语旗舰店,//haoyu.tmall.com,http://img.alicdn.com/bao/uploaded/i4/TB1dB9MPVXXXXcxXpXXXXXXXXXX_!!0-item_pic.jpg_b.jpg
破洞牛仔裤男士黑色小脚修身薄九分夏季学生韩版潮流百搭乞丐裤子,69.00,http://detail.tmall.com/item.htm?id=545683547904&skuId=3457648459620&user_id=2963129404&cat_id=2&is_b=1&rn=6fb7c383532c0153883a76e75b57a4bb,沐洛旗舰店,//xmulo.tmall.com,http://img.alicdn.com/bao/uploaded/i1/TB1odzHPFXXXXbKXFXXXXXXXXXX_!!0-item_pic.jpg_b.jpg
男士春季休闲裤男直筒宽松长裤子男青年韩版潮流百搭修身夏季薄款,79.90,http://detail.tmall.com/item.htm?id=547335675217&skuId=4611686565763063121&user_id=2959652760&cat_id=2&is_b=1&rn=903a69550d96e1634657a698e56a0e8d,简耀旗舰店,//jianyaonz.tmall.com,http://img.alicdn.com/bao/uploaded/i2/TB1eggkQFXXXXXTXVXXXXXXXXXX_!!0-item_pic.jpg_b.jpg
夏季男士印花衬衫短袖韩版修身休闲青年免烫白衬衣半袖寸衫,199.00,http://detail.tmall.com/item.htm?id=548442822354&skuId=4611686566870210258&user_id=1963658145&cat_id=2&is_b=1&rn=6fb7c383532c0153883a76e75b57a4bb,climaveaent旗舰店,//climaveaent.tmall.com,http://img.alicdn.com/bao/uploaded/i1/TB1mnOIRXXXXXbPaXXXXXXXXXXX_!!0-item_pic.jpg_b.jpg
【2件装】夏季短袖白衬衫男士黑韩版修身衣服商务休闲男装寸衬衣,79.00,http://detail.tmall.com/item.htm?id=548225129761&skuId=4611686566652517665&user_id=706167439&cat_id=2&is_b=1&rn=6fb7c383532c0153883a76e75b57a4bb,印象之都旗舰店,//allimpression.tmall.com,http://img.alicdn.com/bao/uploaded/i2/TB1lc.XQFXXXXbgXpXXXXXXXXXX_!!0-item_pic.jpg_b.jpg
夏季2017新款九分裤男士休闲裤韩版男装小脚裤修身男裤子百搭潮流,68.00,http://detail.tmall.com/item.htm?id=45191508835&skuId=84833897778&user_id=2114788819&cat_id=2&is_b=1&rn=6fb7c383532c0153883a76e75b57a4bb,纽乐图旗舰店,//niuletu.tmall.com,http://img.alicdn.com/bao/uploaded/i4/TB1JEnhHVXXXXc8XFXXXXXXXXXX_!!0-item_pic.jpg_b.jpg
男士休闲裤男束脚裤韩版哈伦裤九分裤宽松小脚运动裤潮流收腿裤子,59.00,http://detail.tmall.com/item.htm?id=544978470190&skuId=3285580333883&user_id=2268064173&cat_id=2&is_b=1&rn=6fb7c383532c0153883a76e75b57a4bb,cherrynanaco服饰旗舰店,//cherrynanaco.tmall.com,http://img.alicdn.com/bao/uploaded/i1/TB1yR5IPpXXXXaiXVXXXXXXXXXX_!!0-item_pic.jpg_b.jpg
宽松短裤男夏天休闲裤子潮男韩版七分运动裤跑步五分裤潮卫裤中裤,49.00,http://detail.tmall.com/item.htm?id=532139600752&skuId=3493681035641&user_id=717310410&cat_id=2&is_b=1&rn=6fb7c383532c0153883a76e75b57a4bb,collegehome旗舰店,//collegehome.tmall.com,http://img.alicdn.com/bao/uploaded/i4/TB1uuNkQFXXXXX3aXXXXXXXXXXX_!!0-item_pic.jpg_b.jpg
牛仔裤男九分裤夏季薄款韩版9分牛仔裤弹力修身哈伦裤潮流小脚裤,79.00,http://detail.tmall.com/item.htm?id=548108466049&skuId=3487833226993&user_id=2237008899&cat_id=2&is_b=1&rn=6fb7c383532c0153883a76e75b57a4bb,依兔缘旗舰店,//yituyuan.tmall.com,http://img.alicdn.com/bao/uploaded/i3/TB12OkhQFXXXXXJXFXXXXXXXXXX_!!0-item_pic.jpg_b.jpg
2017春季新款弹力百搭休闲裤男士商务修身直筒纯棉长裤子青年潮黑,89.00,http://detail.tmall.com/item.htm?id=538082901173&skuId=4611686556510289077&user_id=1889208245&cat_id=2&is_b=1&rn=6fb7c383532c0153883a76e75b57a4bb,cooparoca旗舰店,//cooparoca.tmall.com,http://img.alicdn.com/bao/uploaded/i2/TB10avAQFXXXXc7aXXXXXXXXXXX_!!0-item_pic.jpg_b.jpg
夏季男士衬衫男短袖寸衫印花半袖商务休闲白衬衣修身潮格子男装,199.00,http://detail.tmall.com/item.htm?id=547098946522&skuId=4611686565526334426&user_id=1963658145&cat_id=2&is_b=1&rn=6fb7c383532c0153883a76e75b57a4bb,climaveaent旗舰店,//climaveaent.tmall.com,http://img.alicdn.com/bao/uploaded/i4/TB1h75PRXXXXXbsXVXXXXXXXXXX_!!0-item_pic.jpg_b.jpg
春夏哈伦裤男士韩版束脚运动裤男款长裤子修身小脚裤休闲裤卫裤潮,69.00,http://detail.tmall.com/item.htm?id=540037600502&skuId=3237594921125&user_id=2923248306&cat_id=2&is_b=1&rn=6fb7c383532c0153883a76e75b57a4bb,黑门男装旗舰店,//heimennz.tmall.com,http://img.alicdn.com/bao/uploaded/i4/TB1PGorNFXXXXXraXXXXXXXXXXX_!!0-item_pic.jpg_b.jpg
夏季弹力运动裤男长裤宽松卫裤直筒男裤胖子加肥加大码休闲裤子潮,69.00,http://detail.tmall.com/item.htm?id=535553483685&skuId=3243381317997&user_id=2049259005&cat_id=2&is_b=1&rn=6fb7c383532c0153883a76e75b57a4bb,勃狼服饰旗舰店,//bolangfs.tmall.com,http://img.alicdn.com/bao/uploaded/i1/TB1byOMKVXXXXXBXpXXXXXXXXXX_!!0-item_pic.jpg_b.jpg
九分裤男士破洞9分小脚裤子男牛仔裤男夏季薄款修身哈伦裤青少年,69.90,http://detail.tmall.com/item.htm?id=543080084079&skuId=4611686561507471983&user_id=2973342437&cat_id=2&is_b=1&rn=6fb7c383532c0153883a76e75b57a4bb,佐米奴旗舰店,//zuominu.tmall.com,http://img.alicdn.com/bao/uploaded/i1/TB1H7obOFXXXXbMXXXXXXXXXXXX_!!0-item_pic.jpg_b.jpg
男士裤子夏季潮束脚裤男修身工装休闲裤男韩版小脚裤哈伦裤九分裤,79.00,http://detail.tmall.com/item.htm?id=544841260044&skuId=3284578049059&user_id=2224414308&cat_id=2&is_b=1&rn=6fb7c383532c0153883a76e75b57a4bb,标宾旗舰店,//biaobin.tmall.com,http://img.alicdn.com/bao/uploaded/i3/TB16pGVPpXXXXcCaXXXXXXXXXXX_!!0-item_pic.jpg_b.jpg
牛仔短裤男五分裤夏季薄款马裤男韩版5分裤宽松大码男士直筒中裤,69.00,http://detail.tmall.com/item.htm?id=549455797829&skuId=4611686567883185733&user_id=2972249591&cat_id=2&is_b=1&rn=6fb7c383532c0153883a76e75b57a4bb,科肯旗舰店,//keken.tmall.com,http://img.alicdn.com/bao/uploaded/i1/TB1cFFNQVXXXXXVXVXXXXXXXXXX_!!0-item_pic.jpg_b.jpg
新款九分裤男士休闲裤春季青年修身小脚裤韩版夏季薄款9分裤子潮,68.00,http://detail.tmall.com/item.htm?id=529452626604&skuId=3154041533991&user_id=2088045834&cat_id=2&is_b=1&rn=903a69550d96e1634657a698e56a0e8d,ggxx旗舰店,//ggxx.tmall.com,http://img.alicdn.com/bao/uploaded/i2/TB1is0WJVXXXXX4XFXXXXXXXXXX_!!0-item_pic.jpg_b.jpg
夏季薄款男士商务休闲裤修身韩版英伦小脚裤子男长裤弹力黑色男裤,69.00,http://detail.tmall.com/item.htm?id=535378669051&skuId=3193826154669&user_id=2933107778&cat_id=2&is_b=1&rn=6fb7c383532c0153883a76e75b57a4bb,雷迪宾宝旗舰店,//leidibinbao.tmall.com,http://img.alicdn.com/bao/uploaded/i3/TB1Rr8.QVXXXXb_aXXXXXXXXXXX_!!0-item_pic.jpg_b.jpg
夏天青少年运动短裤男夏季修身裤子学生五分休闲裤男士七分裤马裤,69.00,http://detail.tmall.com/item.htm?id=546122253802&skuId=4611686564549641706&user_id=1714421245&cat_id=2&is_b=1&rn=6fb7c383532c0153883a76e75b57a4bb,ztk旗舰店,//ztkfs.tmall.com,http://img.alicdn.com/bao/uploaded/i1/TB1dpudPVXXXXcFXVXXXXXXXXXX_!!0-item_pic.jpg_b.jpg
布衣传说夏季薄纯棉休闲裤男士长裤子青年小脚裤修身黑色男裤潮装,79.00,http://detail.tmall.com/item.htm?id=38370007386&skuId=4611686056797395290&user_id=667215758&cat_id=2&is_b=1&rn=903a69550d96e1634657a698e56a0e8d,布衣传说旗舰店,//pouillylegende.tmall.com,http://img.alicdn.com/bao/uploaded/i2/TB1gjotQpXXXXaxaXXXXXXXXXXX_!!0-item_pic.jpg_b.jpg
夏季男士哈伦裤束脚裤休闲运动卫裤薄款九分裤男小脚裤宽松长裤子,69.00,http://detail.tmall.com/item.htm?id=532085096908&skuId=3244002325818&user_id=2096614557&cat_id=2&is_b=1&rn=903a69550d96e1634657a698e56a0e8d,帕克欧文旗舰店,//pakeouwen.tmall.com,http://img.alicdn.com/bao/uploaded/i3/TB1qgw9JVXXXXaaaXXXXXXXXXXX_!!0-item_pic.jpg_b.jpg
2017春季男士破洞九分裤小脚韩版修身复古乞丐9分哈伦牛仔裤潮,59.00,http://detail.tmall.com/item.htm?id=531327255616&skuId=4611686549754643520&user_id=2114774491&cat_id=2&is_b=1&rn=903a69550d96e1634657a698e56a0e8d,翰逊悦达深圳专卖店,//johnsonyuedasz.tmall.com,http://img.alicdn.com/bao/uploaded/i3/TB1Y9wLKpXXXXaxXpXXXXXXXXXX_!!0-item_pic.jpg_b.jpg
防晒衣男夏季2017新款修身夹克男装春装薄款衣服韩版潮流男士外套,78.00,http://detail.tmall.com/item.htm?id=547508460483&skuId=4611686565935848387&user_id=2261769588&cat_id=2&is_b=1&rn=903a69550d96e1634657a698e56a0e8d,星心索男装旗舰店,//xingxinsuo.tmall.com,http://img.alicdn.com/bao/uploaded/i3/TB1aexdQpXXXXaNXVXXXXXXXXXX_!!0-item_pic.jpg_b.jpg
【2件装】夏季短裤男韩版宽松男士五分裤休闲夏天5分中裤沙滩裤潮,59.00,http://detail.tmall.com/item.htm?id=547845465957&skuId=3320737245751&user_id=2935357342&cat_id=2&is_b=1&rn=903a69550d96e1634657a698e56a0e8d,草根先生旗舰店,//cgxs.tmall.com,http://img.alicdn.com/bao/uploaded/i2/TB1RpPMQFXXXXbrXVXXXXXXXXXX_!!0-item_pic.jpg_b.jpg
【2件装】花花公子夏季薄款牛仔裤男士修身直筒裤子商务弹力青年,139.00,http://detail.tmall.com/item.htm?id=548419127586&skuId=3491523630287&user_id=1777534635&cat_id=2&is_b=1&rn=903a69550d96e1634657a698e56a0e8d,playboy曼凡陀专卖店,//playboymft.tmall.com,http://img.alicdn.com/bao/uploaded/i1/TB1YQjbQFXXXXbDXXXXXXXXXXXX_!!0-item_pic.jpg_b.jpg
Simwood简木男装夏季休闲裤男修身男士纯棉直筒裤子欧美 男裤长裤,88.00,http://detail.tmall.com/item.htm?id=17619010153&skuId=3460860907686&user_id=690049444&cat_id=2&is_b=1&rn=903a69550d96e1634657a698e56a0e8d,simwood旗舰店,//simwood.tmall.com,http://img.alicdn.com/bao/uploaded/i4/TB19ln7IXXXXXagXFXXXXXXXXXX_!!0-item_pic.jpg_b.jpg
九分裤男夏季休闲裤男韩版收腿弹力小脚哈伦裤薄款潮流修身束脚裤,69.00,http://detail.tmall.com/item.htm?id=547968253157&skuId=3322380425118&user_id=2142965066&cat_id=2&is_b=1&rn=903a69550d96e1634657a698e56a0e8d,apj旗舰店,//apjfs.tmall.com,http://img.alicdn.com/bao/uploaded/i1/TB1TsK2QFXXXXcJXVXXXXXXXXXX_!!0-item_pic.jpg_b.jpg
牛仔裤 男春夏款青少年直筒修身型男士小脚长裤休闲弹力韩版春款,88.00,http://detail.tmall.com/item.htm?id=525498402492&skuId=3413755582912&user_id=2095559545&cat_id=2&is_b=1&rn=903a69550d96e1634657a698e56a0e8d,协协乐旗舰店,//xiexiele.tmall.com,http://img.alicdn.com/bao/uploaded/i1/TB1xv8KPpXXXXarXVXXXXXXXXXX_!!0-item_pic.jpg_b.jpg
牛仔裤男士薄款夏季青年宽松大码潮流商务休闲修身直筒长裤子夏天,69.00,http://detail.tmall.com/item.htm?id=547150128650&skuId=4611686565577516554&user_id=2108990838&cat_id=2&is_b=1&rn=6fb7c383532c0153883a76e75b57a4bb,鹿致旗舰店,//luzhi.tmall.com,http://img.alicdn.com/bao/uploaded/i3/TB1JUdIQVXXXXbkaXXXXXXXXXXX_!!0-item_pic.jpg_b.jpg
夏天男士运动短裤男5分五分裤休闲中裤潮流韩版夏季沙滩裤男裤子,59.90,http://detail.tmall.com/item.htm?id=549481419874&skuId=3504985875763&user_id=2970511625&cat_id=2&is_b=1&rn=903a69550d96e1634657a698e56a0e8d,佐宾汉男装旗舰店,//zuobinhannz.tmall.com,http://img.alicdn.com/bao/uploaded/i4/TB1W.9ZQVXXXXa1XFXXXXXXXXXX_!!0-item_pic.jpg_b.jpg
七分裤男士短裤破洞牛仔裤夏季青年修身韩版小脚7分中裤男裤子男,89.00,http://detail.tmall.com/item.htm?id=548145510246&skuId=3488616431539&user_id=2258911915&cat_id=2&is_b=1&rn=903a69550d96e1634657a698e56a0e8d,堡速旗舰店,//baosu.tmall.com,http://img.alicdn.com/bao/uploaded/i1/TB1N.jYQpXXXXcwXVXXXXXXXXXX_!!0-item_pic.jpg_b.jpg
休闲运动套装男士薄款潮流韩版夏季情侣修身短袖t恤长裤两件套,68.00,http://detail.tmall.com/item.htm?id=546002383403&skuId=4611686564429771307&user_id=2973313053&cat_id=2&is_b=1&rn=903a69550d96e1634657a698e56a0e8d,靓界旗舰店,//liangjienz.tmall.com,http://img.alicdn.com/bao/uploaded/i1/TB1DAAcKFXXXXbDXpXXXXXXXXXX_!!0-item_pic.jpg_b.jpg
男裤子春季2017新款潮流百搭青年韩版休闲裤修身型学生小脚九分裤,88.00,http://detail.tmall.com/item.htm?id=548251457257&skuId=3325591396778&user_id=2994926843&cat_id=2&is_b=1&rn=6fb7c383532c0153883a76e75b57a4bb,摩巴奴旗舰店,//mobanu.tmall.com,http://img.alicdn.com/bao/uploaded/i4/TB1E2kWQpXXXXbgXpXXXXXXXXXX_!!0-item_pic.jpg_b.jpg
【2件装】夏季男裤男士休闲裤男直筒宽松潮流百搭修身薄款裤子男,49.00,http://detail.tmall.com/item.htm?id=533030844939&skuId=4611686551458232843&user_id=2260052977&cat_id=2&is_b=1&rn=6fb7c383532c0153883a76e75b57a4bb,warmmemory旗舰店,//warmmemory.tmall.com,http://img.alicdn.com/bao/uploaded/i1/TB156n8QFXXXXbEXFXXXXXXXXXX_!!0-item_pic.jpg_b.jpg
运动裤男休闲裤男士夏季薄款裤子青少年纯棉直筒长裤宽松大码卫裤,78.00,http://detail.tmall.com/item.htm?id=43830152667&skuId=4611686062257540571&user_id=1049068478&cat_id=2&is_b=1&rn=6fb7c383532c0153883a76e75b57a4bb,慕朵旗舰店,//muduo.tmall.com,http://img.alicdn.com/bao/uploaded/i8/TB1mPfNQVXXXXbnXXXXYXGcGpXX_M2.SS2_b.jpg
【2件装】夏季男士短袖白衬衫韩版修身商务正装纯色职业工装衬衣,59.90,http://detail.tmall.com/item.htm?id=546188704242&skuId=4611686564616092146&user_id=2011061644&cat_id=2&is_b=1&rn=6fb7c383532c0153883a76e75b57a4bb,yiwen易文男装旗舰店,//yiwennz.tmall.com,http://img.alicdn.com/bao/uploaded/i2/TB1JuHEQVXXXXXhaXXXXXXXXXXX_!!0-item_pic.jpg_b.jpg
男士裤子夏季2017新款潮韩版休闲裤哈伦九分裤运动百搭修身小脚裤,79.00,http://detail.tmall.com/item.htm?id=547321736495&skuId=3314481037825&user_id=712099052&cat_id=2&is_b=1&rn=6fb7c383532c0153883a76e75b57a4bb,ddr服饰旗舰店,//ddrfs.tmall.com,http://img.alicdn.com/bao/uploaded/i3/TB1_5sIQXXXXXcsXVXXXXXXXXXX_!!0-item_pic.jpg_b.jpg
2017春纯棉牛津纺衬衫男士长袖白衬衣青少年休闲学生打底修身韩版,69.00,http://detail.tmall.com/item.htm?id=544636202128&skuId=3446362279023&user_id=2928230926&cat_id=2&is_b=1&rn=903a69550d96e1634657a698e56a0e8d,blackmonday旗舰店,//blackmonday.tmall.com,http://img.alicdn.com/bao/uploaded/i1/TB1XiNQQVXXXXcJXVXXXXXXXXXX_!!0-item_pic.jpg_b.jpg
【2件装】花花公子休闲裤男士弹力修身裤子西裤薄款青年商务男裤,139.00,http://detail.tmall.com/item.htm?id=545207379008&skuId=4611686563634766912&user_id=1777534635&cat_id=2&is_b=1&rn=903a69550d96e1634657a698e56a0e8d,playboy曼凡陀专卖店,//playboymft.tmall.com,http://img.alicdn.com/bao/uploaded/i1/TB1HYqsQFXXXXb6XVXXXXXXXXXX_!!0-item_pic.jpg_b.jpg
2017春季新款弹力牛仔裤男士青年直筒休闲夏季潮流薄款修身男裤子,79.00,http://detail.tmall.com/item.htm?id=531404609778&skuId=4611686549831997682&user_id=773988267&cat_id=2&is_b=1&rn=6fb7c383532c0153883a76e75b57a4bb,嘉顿服饰专营店,//jiadunfs.tmall.com,http://img.alicdn.com/bao/uploaded/i4/TB1KuQhOXXXXXX5XpXXXXXXXXXX_!!0-item_pic.jpg_b.jpg
防晒衣男2017春夏新款韩版修身潮夹克情侣款薄款透气防晒服外套男,69.00,http://detail.tmall.com/item.htm?id=531230592508&skuId=3166645069986&user_id=2176973791&cat_id=2&is_b=1&rn=6fb7c383532c0153883a76e75b57a4bb,希博尔旗舰店,//xiboer.tmall.com,http://img.alicdn.com/bao/uploaded/i1/TB1DTQOJFXXXXXsXVXXXXXXXXXX_!!0-item_pic.jpg_b.jpg
南极甲新薄款春夏季牛津纺修身长袖衬衫纯色男士青年休闲短袖衬衣,298.00,http://detail.tmall.com/item.htm?id=535989644558&skuId=4611686554417032462&user_id=1715794551&cat_id=2&is_b=1&rn=6fb7c383532c0153883a76e75b57a4bb,南极甲旗舰店,//nanjijia.tmall.com,http://img.alicdn.com/bao/uploaded/i4/TB1g_SnPpXXXXa0XVXXXXXXXXXX_!!0-item_pic.jpg_b.jpg
薄款牛仔裤男直筒马裤5分裤子男士牛仔短裤男夏季五分裤休闲中裤,69.90,http://detail.tmall.com/item.htm?id=528910302338&skuId=4611686547337690242&user_id=2076877750&cat_id=2&is_b=1&rn=6fb7c383532c0153883a76e75b57a4bb,战线狼旗舰店,//zhanxianlang.tmall.com,http://img.alicdn.com/bao/uploaded/i3/TB1FSJ_MXXXXXbVaXXXXXXXXXXX_!!0-item_pic.jpg_b.jpg
夏季男士休闲裤男束脚裤韩版哈伦裤九分裤宽松小脚运动裤收腿裤子,69.00,http://detail.tmall.com/item.htm?id=547480886985&skuId=3479837622746&user_id=1974914404&cat_id=2&is_b=1&rn=6fb7c383532c0153883a76e75b57a4bb,牧西尼旗舰店,//muxini.tmall.com,http://img.alicdn.com/bao/uploaded/i3/TB1m_G8QFXXXXcEXVXXXXXXXXXX_!!0-item_pic.jpg_b.jpg
夏季男士休闲裤男弹力韩版修身小脚裤男生青少年新款黑色裤子潮流,69.00,http://detail.tmall.com/item.htm?id=532104480367&skuId=4611686550531868271&user_id=2248325458&cat_id=2&is_b=1&rn=6fb7c383532c0153883a76e75b57a4bb,巴索玛仕旗舰店,//basuomashi.tmall.com,http://img.alicdn.com/bao/uploaded/i2/TB1RGb_QFXXXXc0XpXXXXXXXXXX_!!0-item_pic.jpg_b.jpg
夏季薄款休闲裤男青年黑色弹力修身小脚裤哈伦裤束脚运动裤子男,69.00,http://detail.tmall.com/item.htm?id=547581248318&skuId=3317809121453&user_id=2986375769&cat_id=2&is_b=1&rn=6fb7c383532c0153883a76e75b57a4bb,特潮风旗舰店,//techaofeng.tmall.com,http://img.alicdn.com/bao/uploaded/i2/TB1UPULQFXXXXXnXXXXXXXXXXXX_!!0-item_pic.jpg_b.jpg
男士直筒牛仔裤男夏季薄款修身青年宽松大码休闲长裤常规韩版男裤,69.80,http://detail.tmall.com/item.htm?id=540521489955&skuId=4611686558948877859&user_id=2989289048&cat_id=2&is_b=1&rn=6fb7c383532c0153883a76e75b57a4bb,汉登顿旗舰店,//hentindun.tmall.com,http://img.alicdn.com/bao/uploaded/i1/TB1QUouQFXXXXbqXXXXXXXXXXXX_!!0-item_pic.jpg_b.jpg
夏季短袖白衬衫男修身韩版纯色商务半袖白衬衣男工装寸衫男装新品,198.00,http://detail.tmall.com/item.htm?id=547832679622&skuId=3484199899734&user_id=2081376017&cat_id=2&is_b=1&rn=6fb7c383532c0153883a76e75b57a4bb,柯盾服饰专营店,//kedunfs.tmall.com,http://img.alicdn.com/bao/uploaded/i1/TB1RuW9RXXXXXXfXXXXXXXXXXXX_!!0-item_pic.jpg_b.jpg
2017夏季薄款男士牛仔裤男修身小脚裤韩版潮流男裤休闲黑色裤子男,69.90,http://detail.tmall.com/item.htm?id=543694162429&skuId=4611686562121550333&user_id=2931358699&cat_id=2&is_b=1&rn=6fb7c383532c0153883a76e75b57a4bb,怡帅旗舰店,//yishuai.tmall.com,http://img.alicdn.com/bao/uploaded/i1/TB11pfAQFXXXXaRapXXXXXXXXXX_!!0-item_pic.jpg_b.jpg
2017新款薄款男裤男士休闲裤男直筒宽松裤韩版夏季百搭修身裤子男,49.00,http://detail.tmall.com/item.htm?id=543450244726&skuId=4611686561877632630&user_id=3020394956&cat_id=2&is_b=1&rn=6fb7c383532c0153883a76e75b57a4bb,精致少年旗舰店,//jingzhishaonian.tmall.com,http://img.alicdn.com/bao/uploaded/i4/TB1yhDNRXXXXXbmapXXXXXXXXXX_!!0-item_pic.jpg_b.jpg
亚麻休闲裤中国风宽松运动裤束脚裤棉麻裤男九分裤哈伦裤灯笼裤子,78.00,http://detail.tmall.com/item.htm?id=544305729432&skuId=3443462587372&user_id=2952841750&cat_id=2&is_b=1&rn=6fb7c383532c0153883a76e75b57a4bb,大儿童古古旗舰店,//daertonggugu.tmall.com,http://img.alicdn.com/bao/uploaded/i2/TB1FyrFQVXXXXcJXpXXXXXXXXXX_!!0-item_pic.jpg_b.jpg
新款裤子 男装大码休闲裤男 夏季哈伦裤修身九分裤潮流小脚裤学生,68.00,http://detail.tmall.com/item.htm?id=548480652593&skuId=4611686566908040497&user_id=788757783&cat_id=2&is_b=1&rn=6fb7c383532c0153883a76e75b57a4bb,tobinq服饰旗舰店,//tobinq.tmall.com,http://img.alicdn.com/bao/uploaded/i3/TB1JE8dQVXXXXbcXXXXXXXXXXXX_!!0-item_pic.jpg_b.jpg
